"TEM-1","M69L","E104K","G238S","N276D","M69/E104","G238/M69","M69/N276","G238/E104","N276/E104","G238/N276","M/E/G","M/E/N","G/N/E","G/N/M","TEM-50"
0.00088,0.00103,0.00118,0.0011,0.0012,0.00103,0.00088,0.00103,0.00118,0.0011,0.0012,0.00103,0.00088,0.00103,0.00118,0.0011
0.00114,0.00111,0.00101,0.00097,0.00097,0.00093,0.00114,0.00111,0.00101,0.00097,0.00097,0.00093,0.00114,0.00111,0.00101,0.00097
0.00095,0.00111,0.00109,0.00382,0.0012,0.00411,0.00095,0.00111,0.00109,0.00382,0.0012,0.00411,0.00095,0.00111,0.00109,0.00382
0.00428,0.00401,0.00422,0.00441,0.0043,0.0044,0.00428,0.00401,0.00422,0.00441,0.0043,0.0044,0.00428,0.00401,0.00422,0.00441
0.00178,0.00094,0.00088,0.00091,0.00083,0.00082,0.00178,0.00094,0.00088,0.00091,0.00083,0.00082,0.00178,0.00094,0.00088,0.00091
0.001,0.00086,0.00362,0.0008,0.00088,0.00082,0.001,0.00086,0.00362,0.0008,0.00088,0.00082,0.001,0.00086,0.00362,0.0008
0.00257,0.00283,0.00199,0.00215,0.00238,0.00219,0.00257,0.00283,0.00199,0.00215,0.00238,0.00219,0.00257,0.00283,0.00199,0.00215
0.00098,0.00084,0.00085,0.00095,0.00093,0.00095,0.00098,0.00084,0.00085,0.00095,0.00093,0.00095,0.00098,0.00084,0.00085,0.00095
0.00399,0.00385,0.00363,0.0043,0.00418,0.00447,0.00399,0.00385,0.00363,0.0043,0.00418,0.00447,0.00399,0.00385,0.00363,0.0043
0.00096,0.00089,0.00087,0.00083,0.00091,0.0008,0.00096,0.00089,0.00087,0.00083,0.00091,0.0008,0.00096,0.00089,0.00087,0.00083
0.00267,0.00228,0.00293,0.0024,0.00237,0.00187,0.00267,0.00228,0.00293,0.0024,0.00237,0.00187,0.00267,0.00228,0.00293,0.0024
0.00375,0.00389,0.00372,0.00333,0.00368,0.00346,0.00375,0.00389,0.00372,0.00333,0.00368,0.00346,0.00375,0.00389,0.00372,0.00333
0.00109,0.00101,0.00093,0.00088,0.00089,0.00085,0.00109,0.00101,0.00093,0.00088,0.00089,0.00085,0.00109,0.00101,0.00093,0.00088
0.00091,0.00101,0.001,0.00106,0.00088,0.00091,0.00091,0.00101,0.001,0.00106,0.00088,0.00091,0.00091,0.00101,0.001,0.00106
0.00119,0.00109,0.00107,0.00093,0.00097,0.0012,0.00119,0.00109,0.00107,0.00093,0.00097,0.0012,0.00119,0.00109,0.00107,0.00093
0.00407,0.00411,0.00393,0.00326,0.00354,0.00355,0.00407,0.00411,0.00393,0.00326,0.00354,0.00355,0.00407,0.00411,0.00393,0.00326
